{

    "D65 2deg": {
	"illuminant": {
	    "tristimx": 0.950489,
	    "tristimy": 1.0,
	    "tristimz": 1.088840,
	    "coordx": 0.31272,
	    "coordy": 0.32903
	},
	"matrix XYZ sRGB": {
	    "m11": 3.2406255,
	    "m12": -1.537208,
	    "m13": -0.4986286,
	    "m21": -0.9689307,
	    "m22": 1.8757561,
	    "m23": 0.0415175,
	    "m31": 0.0557101,
	    "m32": -0.2040211,
	    "m33": 1.0569959
	},
	"matrix sRGB XYZ": {
	    "m11": 0.4124564,
	    "m12": 0.3575761,
	    "m13": 0.1804375,
	    "m21": 0.2126729,
	    "m22": 0.7151522,
	    "m23": 0.0721750,
	    "m31": 0.0193339,
	    "m32": 0.1191920,
	    "m33": 0.9503041
	}
    },
    "D65 10deg": {
	"illuminant": {
	    "tristimx": 0.94811,
	    "tristimy": 1.0,
	    "tristimz": 1.07304,
	    "coordx": 0.31382,
	    "coordy": 0.33100
	},
	"matrix XYZ sRGB": {
	    "m11": 3.2406255,
	    "m12": -1.537208,
	    "m13": -0.4986286,
	    "m21": -0.9689307,
	    "m22": 1.8757561,
	    "m23": 0.0415175,
	    "m31": 0.0557101,
	    "m32": -0.2040211,
	    "m33": 1.0569959
	},
	"matrix sRGB XYZ": {
	    "m11": 0.4124564,
	    "m12": 0.3575761,
	    "m13": 0.1804375,
	    "m21": 0.2126729,
	    "m22": 0.7151522,
	    "m23": 0.0721750,
	    "m31": 0.0193339,
	    "m32": 0.1191920,
	    "m33": 0.9503041
	}
    },
    "D50 2deg": {
	"illuminant": {
	    "tristimx": 0.9642,
	    "tristimy": 1.0,
	    "tristimz": 0.8249,
	    "coordx": 0.34567,
	    "coordy": 0.35850
	},
	"matrix from xyz": {
	    "m11": 1.4628067,
	    "m12": -0.1840623,
	    "m13": -0.2743606,
	    "m21": -0.5217933,
	    "m22": 1.4472381,
	    "m23": 0.0677227,
	    "m31": 0.0349342,
	    "m32": -0.0968930,
	    "m33": 1.2884099
	},
	"matrix to xyz": {
	    "m11": 0.7161046,
	    "m12": 0.1009296,
	    "m13": 0.1471858,
	    "m21": 0.2581874,
	    "m22": 0.7249378,
	    "m23": 0.0168748,
	    "m31": 0.0,
	    "m32": 0.0517813,
	    "m33": 0.7734287
	}
    },
    "D50 10deg": {
	"illuminant": {
	    "tristimx": 0.,
	    "tristimy": 0.,
	    "tristimz": 0.,
	    "coordx": 0.34773,
	    "coordy": 0.35952
	},
	"matrix from xyz": {
	    "m11": 1.4628067,
	    "m12": -0.1840623,
	    "m13": -0.2743606,
	    "m21": -0.5217933,
	    "m22": 1.4472381,
	    "m23": 0.0677227,
	    "m31": 0.0349342,
	    "m32": -0.0968930,
	    "m33": 1.2884099
	},
	"matrix to xyz": {
	    "m11": 0.7161046,
	    "m12": 0.1009296,
	    "m13": 0.1471858,
	    "m21": 0.2581874,
	    "m22": 0.7249378,
	    "m23": 0.0168748,
	    "m31": 0.0,
	    "m32": 0.0517813,
	    "m33": 0.7734287
	}
    }

}
